<?xml version="1.0" encoding="utf-8"?>
<rss version="2.0" xmlns:sparkle="http://www.andymatuschak.org/xml-namespaces/sparkle"  xmlns:dc="http://purl.org/dc/elements/1.1/">
	<channel>
		<title>Sketch Palettes</title>
		<link>http://sparkle-project.org/files/sparkletestcast.xml</link>
		<description>A Sketch plugin for exporting and importing fill presets. It supports colors, gradients, and pattern fills.</description>
		<language>en</language>
		<item>
			<title>Version 2.13</title>
			<description>
				<![CDATA[
				<ul>
					<li>Fixed loading bug introduced in Sketch 47.</li>
					<li>Changed default select state to Document Presets instead of Global Presets</li>
				</ul>
				]]>
			</description>
			<enclosure url="https://github.com/andrewfiorillo/sketch-palettes/archive/2.13.zip" sparkle:version="2.13" />
		</item>
	</channel>
</rss>